inchikey,accession,p_chembl,p_bdb,endpoint,abs_diff
OETFNYXAELUUOC-UHFFFAOYSA-N,O14965,6.721,6.726,IC50,0.005
OYNIGSOZAGAEKP-UHFFFAOYSA-N,P00734,4.748,4.748,IC50,0.000
JIGGOBDMVDMNHC-UHFFFAOYSA-N,P07711,6.084,6.084,IC50,0.000
RUSLGWBGHWESBE-UHFFFAOYSA-N,P08069,7.523,7.523,IC50,0.000
XWOWIEZKHDMQNX-UHFFFAOYSA-N,P11940,4.406,4.406,IC50,0.000
HIOBIABFPPEMPT-UHFFFAOYSA-N,P15538,5.889,6.124,IC50,0.235
HZKFXCYOHGRGBD-UHFFFAOYSA-N,P21554,6.440,6.839,IC50,0.399
ZFGVHTJRILVQEN-UHFFFAOYSA-N,P31749,7.337,7.337,IC50,0.000
IOKNFVNLHGJIIN-UHFFFAOYSA-N,P37059,4.558,4.558,IC50,0.000
CSDDCHPGQGWRLI-UHFFFAOYSA-N,P45984,7.194,7.194,IC50,0.000
APQZTVXXAJMOKS-UHFFFAOYSA-N,P50579,5.703,6.553,IC50,0.849
UMANBUHWIZGPIR-UHFFFAOYSA-N,P51449,5.827,5.571,IC50,0.256
VIEOAWKHSGCSNG-UHFFFAOYSA-N,P52732,5.229,5.229,IC50,0.000
QEPARSUKSLKMMO-UHFFFAOYSA-N,Q02156,7.538,7.538,IC50,0.000
SEBIPHAOUSNXEJ-UHFFFAOYSA-N,Q13464,5.886,5.903,IC50,0.017
BVBUTVDALUPISO-UHFFFAOYSA-N,Q9HC16,4.418,4.418,IC50,0.000
VLIUIBXPEDFJRF-UHFFFAOYSA-N,Q9UBN7,8.585,7.759,IC50,0.826
SXTYNRQUEVYKGM-UHFFFAOYSA-N,P0DMS8,7.509,7.509,Ki,0.000
KBWCMSUFRLCWIT-UHFFFAOYSA-N,P41145,7.347,7.347,Ki,0.000
VFEFRCZEARGBHS-UHFFFAOYSA-N,Q9Y5Y4,7.420,7.420,Ki,0.000
