standard_type,rows
Potency,2691363
IC50,1738577
k_off,685738
kon,685714
Ki,633567
Inhibition,619292
EC50,214270
AC50,211173
Activity,204891
Kd,181811
Residual Activity,70152
% Control,50220
Emax,30837
FC,24742
Delta Tm,18141
Percent Effect,17952
Efficacy,15185
Ratio,13655
Delta TM,12937
%Inhib (Mean),12829
% of control,10155
%Max (Mean),7141
Ratio IC50,6552
Intrinsic activity,6176
Imax,5421
ED50,4647
%max,4638
Kb,4135
K,4125
% of inhibition,3928
RBA,3715
Drug metabolism,3702
Km,3437
Kinact,3005
INH,2990
pKb,2673
% Ctrl,2499
Residual activity,2139
Ke,2076
GI50,2001
