family_l1,family_l2,proteins,compounds,pairs,activity_rows,median_pairs_per_protein,proteins_ge100_pairs,median_confidence,share_conf9,pchembl_n,pchembl_median,pchembl_iqr,pchembl_skew,share_ge_pchembl6,censored_rows
Enzyme,Kinase,443,305443,913586,1934279,1165,412,9,0.6409,532979,7.09,1.9,0.0185,0.7784,308883
Membrane receptor,Family A G protein-coupled receptor,277,240426,507359,985082,442,194,9,0.7047,420840,6.86,2.18,0.1356,0.7034,148152
Unclassified protein,Unclassified protein (no L2),1658,264119,441257,549312,2,78,9,0.7245,49614,5.4,1.71,0.8373,0.3572,14830
Enzyme,Oxidoreductase,281,184759,263649,391839,24,90,9,0.6985,207775,4.82,1.54,1.294,0.2574,35269
Enzyme,Phosphodiesterase,29,224692,246195,446493,666,25,8,0.136,44944,6.59,2.8,0.1911,0.6039,10931
Enzyme,Transferase,486,185642,230575,351676,10,114,8,0.4671,72796,6.72,1.91,0.09466,0.7039,33351
Epigenetic regulator,Reader,87,173499,225202,283796,49,33,8,0.4956,73833,5.21,1.8,0.9595,0.338,11061
Enzyme,Protease,215,135982,219601,366271,175,124,9,0.669,161919,6.66,2.37,0.1539,0.6343,45831
Enzyme,Hydrolase,465,159632,210592,315207,6,108,9,0.7504,116297,5.48,1.61,0.9803,0.3404,19221
Transcription factor,Transcription factor (no L2),137,159928,209988,251228,4,27,9,0.6913,43638,5,0.8,1.674,0.1818,4228
Enzyme,Enzyme (no L2),164,130745,163835,225940,63.5,72,9,0.697,82934,5,1.88,0.921,0.3096,13756
Membrane receptor,Family B G protein-coupled receptor,31,140885,163427,176948,3,12,9,0.684,9134,7.605,2.04,0.1984,0.8821,2066
Enzyme,Cytochrome P450,34,48916,160719,228158,521.5,21,8,0.4834,98555,5.3,1.05,1.503,0.2346,25473
Transcription factor,Nuclear receptor,47,80837,118654,249372,490,38,9,0.6096,82393,6.78,1.9,-0.009266,0.712,28292
Epigenetic regulator,Writer,29,100010,104276,118843,242,23,9,0.8973,10853,6.52,2.21,0.157,0.6384,3460
Epigenetic regulator,Eraser,29,72801,101012,175486,938,25,9,0.9088,87809,5.15,2.13,0.8387,0.3703,17589
Other membrane protein,Other membrane protein (no L2),14,99939,100043,105000,39,5,9,0.8345,565,5.6,1.19,0.603,0.3504,301
Epigenetic regulator,Multiple,26,85553,96109,125629,227.5,19,9,0.9026,29172,4.95,1.6,1.175,0.2786,5675
Other cytosolic protein,Other cytosolic protein (no L2),191,86026,90153,145849,3,25,9,0.7719,117533,4.89,0.8,2.096,0.1602,5442
Ion channel,Voltage-gated ion channel,93,56223,67745,125061,46,40,9,0.7601,50660,6.18,1.81,0.4954,0.557,15044
Transporter,Electrochemical transporter,124,40002,65190,103112,53,48,9,0.5798,35286,6.64,2.02,0.06495,0.6694,14988
Enzyme,Isomerase,44,48700,51494,63977,6.5,14,8,0.3843,7321,6.31,2.54,0.1738,0.5828,2748
Multiple,Multiple (no L2),20,46732,47021,48824,26,6,9,0.9965,38409,4.9,0.85,1.726,0.1769,480
Enzyme,Lyase,60,15036,45596,68910,24.5,24,9,0.9052,48522,7.1,1.73,-0.09646,0.7847,5405
Secreted protein,Secreted protein (no L2),120,41177,42307,61591,13,26,9,0.9121,9749,6.68,2.17,0.1897,0.6693,2599
Enzyme,Phosphatase,99,19458,28852,52391,32,28,9,0.5814,20702,5.47,1.49,1.029,0.3436,7426
Ion channel,Ligand-gated ion channel,57,22326,26644,79586,68,23,9,0.8652,29594,7.24,1.438,-0.4206,0.838,6311
Transporter,Transporter (no L2),12,18711,18719,19019,1.5,1,9,0.9894,18622,5.5,0.3,1.097,0.1428,13
Membrane receptor,Toll-like and Il-1 receptors,8,8009,17313,73042,724,7,9,0.8696,24198,7.35,2.6,-0.1878,0.7047,1209
Membrane receptor,Membrane receptor (no L2),86,15012,16721,29812,15,17,9,0.7388,11465,6.99,1.83,-0.02449,0.7503,2613
Transporter,Primary active transporter,21,10589,15506,30824,48,9,9,0.7987,8460,5.84,1.56,0.7402,0.45,4829
Membrane receptor,Family C G protein-coupled receptor,19,9471,12124,26739,191,10,9,0.8152,11620,6.75,1.38,-0.07773,0.787,3275
Ion channel,Other ion channel,34,9306,11171,30831,9,9,8,0.4593,12971,7.02,2.34,0.3653,0.7383,3031
Other nuclear protein,Other nuclear protein (no L2),47,9352,9439,22410,4,7,9,0.7243,10341,7.43,2.38,-0.2532,0.7282,729
Enzyme,Ligase,63,6503,7603,11056,11,16,9,0.8575,5512,6.68,1.16,0.2627,0.799,2176
Enzyme,Aminoacyltransferase,11,3387,3882,6142,95,5,9,0.9616,3001,5.75,1.83,0.5833,0.4402,1268
Auxiliary transport protein,Fatty acid binding protein family,10,1044,1837,3676,45,4,9,0.9353,1547,6.1,1.535,0.1931,0.5482,247
Adhesion,Adhesion (no L2),26,1162,1820,2440,4.5,6,8,0.4201,834,6.11,2.152,0.2355,0.5396,325
Membrane receptor,Frizzled family G protein-coupled receptor,9,1056,1105,1820,6,1,9,0.7187,944,7,1.312,0.4392,0.8644,178
Auxiliary transport protein,Calcium channel auxiliary subunit alpha2delta family,2,1060,1096,3729,548,1,8,0.06731,901,6.52,0.76,0.8947,0.5849,517
Structural protein,Structural protein (no L2),48,880,959,1798,2,3,9,0.7608,580,5.36,1.103,1.157,0.2414,511
Surface antigen,Surface antigen (no L2),17,918,924,1213,25,2,8,0.4963,671,5.73,1.655,0.1166,0.4188,55
Membrane receptor,Taste family G protein-coupled receptor,25,581,809,1396,11,2,9,0.6676,638,6.12,1.157,0.3092,0.5658,86
Multiple,Phosphatase,1,641,641,731,641,1,9,0.6361,108,5.15,1.015,0.4158,0.09259,229
Transporter,Transmembrane 1-electron transfer carriers,8,450,568,929,13,2,9,0.9354,438,5.865,1.725,0.04268,0.4543,221
Transporter,Group translocator,3,509,509,522,12,1,9,0.9617,255,5.39,1.17,0.09172,0.2039,247
Multiple,Multiple,16,280,303,387,5,0,8,0.2403,81,6.43,1.79,0.3758,0.5802,18
Multiple,Kinase,1,270,270,292,270,1,9,1,62,6.27,1.15,0.7242,0.6935,195
Multiple,Hydrolase,1,252,252,258,252,1,8,0.2674,108,4.97,0.4325,0.08909,0.01852,113
Enzyme,Multiple,2,184,184,212,92,1,9,1,15,5.85,2.01,0.3944,0.4,151
Auxiliary transport protein,Slow voltage-gated potassium channel accessory protein family,1,23,23,23,23,0,9,0.8261,5,4.77,0.41,1.102,0,16
Auxiliary transport protein,Calcium channel auxiliary subunit beta family,2,17,17,17,8.5,0,9,1,0,,,,,0
Auxiliary transport protein,Sodium channel auxiliary subunit beta family,2,3,3,3,1.5,0,9,1,1,6,0,,1,0
Auxiliary transport protein,Voltage-gated potassium channel beta-subunit family,1,1,1,2,1,0,8,0,0,,,,,0
Auxiliary transport protein,Calcium-activated potassium channel auxiliary subunit slowpoke-beta family,1,1,1,1,1,0,9,1,1,4.88,0,,0,0
Ion channel,Ion channel (no L2),1,1,1,2,1,0,9,1,2,4.08,0,,0,0
