family_l2,pchembl_n,pubchem_share,median_all,median_excl_pubchem,median_pubchem_only,shift_when_excluding_pubchem
Kinase,533041,0.1057,7.09,7.25,5.6,0.16
Family A G protein-coupled receptor,420840,0.1299,6.86,7.12,4.9,0.26
Oxidoreductase,207775,0.6083,4.82,6.355,4.6,1.535
Protease,161919,0.1123,6.66,6.92,4.9,0.26
Other cytosolic protein (no L2),117533,0.8262,4.89,6.78,4.8,1.89
Hydrolase,116405,0.53,5.48,6.3,5.1,0.82
Cytochrome P450,98555,0.6566,5.3,5.79,5.1,0.49
Eraser,87809,0.4557,5.15,6.54,4.55,1.39
Enzyme (no L2),82934,0.6211,5,6.59,4.65,1.59
Nuclear receptor,82393,0.08625,6.78,6.91,4.73,0.13
Reader,73833,0.644,5.21,6.7,4.95,1.49
Transferase,72796,0.008448,6.72,6.75,4.85,0.03
Voltage-gated ion channel,50660,0.005961,6.18,6.19,5.5,0.01
Unclassified protein (no L2),49614,0.4338,5.4,6.26,4.9,0.86
Lyase,48522,0,7.1,7.1,,0
Phosphodiesterase,44944,0.2759,6.59,7.26,4.7,0.67
Transcription factor (no L2),43638,0.8524,5,5.84,5,0.84
Multiple (no L2),38409,0.9825,4.9,5.8,4.9,0.9
Electrochemical transporter,35286,5.668e-05,6.64,6.64,5.2,0
Ligand-gated ion channel,29594,0,7.24,7.24,,0
Toll-like and Il-1 receptors,24198,0.00934,7.35,7.37,5.14,0.02
Phosphatase,20810,0.2012,5.46,5.62,5.11,0.16
Transporter (no L2),18622,0.9983,5.5,5.77,5.5,0.27
Other ion channel,12971,0.002159,7.02,7.02,4.48,0
Family C G protein-coupled receptor,11620,8.606e-05,6.75,6.75,5.19,0
Membrane receptor (no L2),11465,0.007152,6.99,7,5.355,0.01
Writer,10853,0.08597,6.52,6.77,5.15,0.25
Other nuclear protein (no L2),10341,0.12,7.43,7.63,4.96,0.2
